{
    "loss": [
        238.29739379882812,
        171.8738250732422,
        170.2065887451172,
        169.2185516357422,
        168.2946014404297,
        167.74034118652344,
        166.8079376220703,
        165.6846923828125,
        164.03135681152344,
        162.25433349609375
    ],
    "logits_w_bias_loss": [
        171.55242919921875,
        168.47703552246094,
        167.08486938476562,
        166.2540283203125,
        165.37210083007812,
        164.9296875,
        164.0612335205078,
        163.006103515625,
        161.42247009277344,
        159.7391815185547
    ],
    "logcounts_w_bias_loss": [
        9.145291328430176,
        0.46542295813560486,
        0.4277136027812958,
        0.4062165319919586,
        0.400450199842453,
        0.385130912065506,
        0.37637823820114136,
        0.36706236004829407,
        0.35747021436691284,
        0.34463170170783997
    ],
    "val_loss": [
        181.03518676757812,
        178.31015014648438,
        177.2472381591797,
        177.9068145751953,
        177.17279052734375,
        177.54881286621094,
        178.53414916992188,
        178.98118591308594,
        179.9647674560547,
        181.3503875732422
    ],
    "val_logits_w_bias_loss": [
        177.1883544921875,
        175.18353271484375,
        174.4202423095703,
        174.61766052246094,
        174.42356872558594,
        174.8889617919922,
        175.5516357421875,
        176.5826416015625,
        177.62094116210938,
        179.0378875732422
    ],
    "val_logcounts_w_bias_loss": [
        0.5270863175392151,
        0.42842477560043335,
        0.38736382126808167,
        0.45068687200546265,
        0.37669870257377625,
        0.36445003747940063,
        0.408663809299469,
        0.32864758372306824,
        0.32115858793258667,
        0.31686246395111084
    ]
}