{
    "loss": [
        2070.227294921875,
        1083.44482421875,
        1029.492431640625,
        1000.495849609375,
        980.0904541015625,
        961.1103515625,
        948.4805297851562,
        937.791748046875,
        928.7418212890625,
        922.141357421875,
        917.4100341796875,
        912.0706176757812
    ],
    "logits_w_bias_loss": [
        1037.008056640625,
        941.44921875,
        907.51318359375,
        890.06689453125,
        877.2164306640625,
        866.3768920898438,
        857.7553100585938,
        851.9774780273438,
        847.5280151367188,
        844.2501220703125,
        842.3741455078125,
        840.2171020507812
    ],
    "logcounts_w_bias_loss": [
        7.357761859893799,
        1.0111722946166992,
        0.8686426281929016,
        0.7863914966583252,
        0.7325857877731323,
        0.6746273040771484,
        0.6460924744606018,
        0.6111069917678833,
        0.5783395171165466,
        0.5546891093254089,
        0.5343351364135742,
        0.5116706490516663
    ],
    "val_loss": [
        1148.46923828125,
        1088.1158447265625,
        1044.7103271484375,
        1040.24609375,
        1015.2789916992188,
        1014.1885375976562,
        1005.6023559570312,
        1008.7655029296875,
        1028.176025390625,
        1006.858154296875,
        1023.6777954101562,
        1010.2313842773438
    ],
    "val_logits_w_bias_loss": [
        1000.4580688476562,
        960.126708984375,
        934.6767578125,
        926.60205078125,
        916.7586059570312,
        917.06201171875,
        913.0484008789062,
        915.9354248046875,
        916.3761596679688,
        915.3729248046875,
        917.5294189453125,
        916.5821533203125
    ],
    "val_logcounts_w_bias_loss": [
        1.054012656211853,
        0.9114324450492859,
        0.7835709452629089,
        0.8092811107635498,
        0.7015781998634338,
        0.691663384437561,
        0.6590985059738159,
        0.6610682606697083,
        0.7961515188217163,
        0.651487410068512,
        0.7558947801589966,
        0.666890561580658
    ]
}