{"learning_rate":{"1":0.001,"2":0.001,"3":0.001,"4":0.001,"5":0.001,"6":0.001,"7":0.001,"8":0.001,"9":0.001,"10":0.001,"11":0.001,"12":0.001,"13":0.001,"14":0.0005,"15":0.0005,"16":0.0005},"loss":{"1":1588.1020507812,"2":981.7586669922,"3":929.0745849609,"4":904.6821289062,"5":882.0061035156,"6":859.3896484375,"7":852.4091796875,"8":834.6656494141,"9":826.1008300781,"10":818.202331543,"11":807.0660400391,"12":798.9097900391,"13":791.01171875,"14":757.846496582,"15":741.4465942383,"16":725.4434814453},"profile_predictions_loss":{"1":927.0784301758,"2":743.0119018555,"3":707.2233276367,"4":688.9074707031,"5":680.3485717773,"6":671.7172241211,"7":665.3836669922,"8":658.8718261719,"9":654.2808837891,"10":651.0438842773,"11":648.2866210938,"12":647.3278808594,"13":646.5645751953,"14":640.7724609375,"15":640.3937988281,"16":640.1168823242},"logcount_predictions_loss":{"1":2.6173629761,"2":0.9453370571,"3":0.8784348369,"4":0.8543726206,"5":0.7984754443,"6":0.7431022525,"7":0.7405379415,"8":0.6960665584,"9":0.6803334355,"10":0.6618720293,"11":0.6286987662,"12":0.600197494,"13":0.5719465613,"14":0.4635612667,"15":0.4001244605,"16":0.337857604},"attribution_prior_loss":{"1":null,"2":null,"3":null,"4":null,"5":null,"6":null,"7":null,"8":null,"9":null,"10":null,"11":null,"12":null,"13":null,"14":null,"15":null,"16":null},"val_loss":{"1":1002.2849731445,"2":911.5999145508,"3":894.1425170898,"4":874.3668212891,"5":856.9553222656,"6":850.1414794922,"7":850.9833374023,"8":821.4273681641,"9":825.2261352539,"10":813.5104370117,"11":810.2951660156,"12":825.8490600586,"13":834.4547119141,"14":815.5540161133,"15":814.6030273438,"16":819.4911499023},"val_profile_predictions_loss":{"1":770.0357055664,"2":707.3310546875,"3":685.3180541992,"4":673.9186401367,"5":667.8648681641,"6":663.5790405273,"7":655.7272949219,"8":650.3943481445,"9":648.7479248047,"10":646.1252441406,"11":645.7221069336,"12":645.4829711914,"13":644.6322631836,"14":642.6745605469,"15":644.7681274414,"16":645.3596191406},"val_logcount_predictions_loss":{"1":0.9196054339,"2":0.808814764,"3":0.8268538713,"4":0.7936867476,"5":0.7487156391,"6":0.738705337,"7":0.7731279731,"8":0.6772166491,"9":0.6987771392,"10":0.6627722979,"11":0.6516373158,"12":0.7141714096,"13":0.7516137958,"14":0.6845269799,"15":0.6724706888,"16":0.6894851923},"val_attribution_prior_loss":{"1":null,"2":null,"3":null,"4":null,"5":null,"6":null,"7":null,"8":null,"9":null,"10":null,"11":null,"12":null,"13":null,"14":null,"15":null,"16":null},"start_time":{"1":"2021-08-01 16:56:23","2":"2021-08-01 16:59:56","3":"2021-08-01 17:03:21","4":"2021-08-01 17:06:47","5":"2021-08-01 17:10:13","6":"2021-08-01 17:13:38","7":"2021-08-01 17:17:05","8":"2021-08-01 17:20:32","9":"2021-08-01 17:23:59","10":"2021-08-01 17:27:25","11":"2021-08-01 17:30:53","12":"2021-08-01 17:34:21","13":"2021-08-01 17:37:49","14":"2021-08-01 17:41:17","15":"2021-08-01 17:44:44","16":"2021-08-01 17:48:12"},"end_time":{"1":"2021-08-01 16:59:56","2":"2021-08-01 17:03:21","3":"2021-08-01 17:06:47","4":"2021-08-01 17:10:12","5":"2021-08-01 17:13:38","6":"2021-08-01 17:17:05","7":"2021-08-01 17:20:32","8":"2021-08-01 17:23:59","9":"2021-08-01 17:27:25","10":"2021-08-01 17:30:53","11":"2021-08-01 17:34:21","12":"2021-08-01 17:37:49","13":"2021-08-01 17:41:17","14":"2021-08-01 17:44:44","15":"2021-08-01 17:48:12","16":"2021-08-01 17:51:39"},"elapsed":{"1":213.1734154224,"2":204.8546435833,"3":205.6319336891,"4":205.7789382935,"5":205.7899012566,"6":206.4933407307,"7":207.3200013638,"8":206.4709408283,"9":206.6865694523,"10":207.4270992279,"11":207.9817941189,"12":208.4620175362,"13":207.648594141,"14":207.3514969349,"15":207.6371057034,"16":207.4254543781}}