{
    "loss": [
        191.5007781982422,
        137.58995056152344,
        136.09100341796875,
        134.92184448242188,
        133.8045196533203,
        133.14637756347656,
        132.00657653808594,
        131.08377075195312,
        129.4998016357422
    ],
    "logits_w_bias_loss": [
        136.1685791015625,
        133.5383758544922,
        132.24473571777344,
        131.30763244628906,
        130.35421752929688,
        129.7899627685547,
        128.81072998046875,
        127.92549133300781,
        126.49603271484375
    ],
    "logcounts_w_bias_loss": [
        9.509661674499512,
        0.6963348984718323,
        0.661052942276001,
        0.6211720705032349,
        0.5929811000823975,
        0.5768213272094727,
        0.5492376685142517,
        0.5428161025047302,
        0.5162588357925415
    ],
    "val_loss": [
        143.61045837402344,
        141.50918579101562,
        140.7568817138672,
        140.65260314941406,
        140.81732177734375,
        141.01626586914062,
        141.14260864257812,
        142.194580078125,
        143.3358612060547
    ],
    "val_logits_w_bias_loss": [
        139.652587890625,
        137.76803588867188,
        137.22952270507812,
        137.29583740234375,
        137.23291015625,
        137.63027954101562,
        138.11529541015625,
        138.93997192382812,
        140.19802856445312
    ],
    "val_logcounts_w_bias_loss": [
        0.6801953315734863,
        0.6429943442344666,
        0.6062423586845398,
        0.5769304633140564,
        0.6160200834274292,
        0.5819419026374817,
        0.5202875733375549,
        0.5593517422676086,
        0.5392962694168091
    ]
}