{"learning_rate":{"1":0.001,"2":0.001,"3":0.001,"4":0.001,"5":0.001,"6":0.001,"7":0.001,"8":0.001,"9":0.001,"10":0.001,"11":0.001,"12":0.001,"13":0.001,"14":0.001,"15":0.001,"16":0.001,"17":0.0005,"18":0.0005,"19":0.0005},"loss":{"1":1525.6492919922,"2":927.294128418,"3":896.5299072266,"4":877.8718261719,"5":854.6612548828,"6":843.9791259766,"7":824.5607299805,"8":815.6598510742,"9":808.1833496094,"10":800.7025756836,"11":794.6811523438,"12":787.5864257812,"13":783.1475219727,"14":774.8323974609,"15":771.075378418,"16":762.0539550781,"17":739.294921875,"18":726.8130493164,"19":715.422668457},"profile_predictions_loss":{"1":921.0747070312,"2":752.2728881836,"3":726.8688964844,"4":711.1012573242,"5":698.4283447266,"6":690.9020385742,"7":683.3480224609,"8":677.3563842773,"9":672.6646728516,"10":668.5355834961,"11":664.9508666992,"12":661.4133911133,"13":659.1878051758,"14":656.4767456055,"15":655.3843994141,"16":653.8467407227,"17":647.5447387695,"18":645.985168457,"19":645.4178466797},"logcount_predictions_loss":{"1":2.3296144009,"2":0.6744093895,"3":0.6537598372,"4":0.6426206827,"5":0.6020154357,"6":0.5898546576,"7":0.5441396236,"8":0.5329269767,"9":0.5221946836,"10":0.509280026,"11":0.4998929799,"12":0.4861865044,"13":0.4776563942,"14":0.4560611248,"15":0.4457941055,"16":0.4169555306,"17":0.3535426855,"18":0.3114551902,"19":0.2697525918},"attribution_prior_loss":{"1":null,"2":null,"3":null,"4":null,"5":null,"6":null,"7":null,"8":null,"9":null,"10":null,"11":null,"12":null,"13":null,"14":null,"15":null,"16":null,"17":null,"18":null,"19":null},"val_loss":{"1":911.5612182617,"2":938.3287353516,"3":849.1383056641,"4":830.161315918,"5":831.0970458984,"6":829.2807617188,"7":824.6018676758,"8":800.1292724609,"9":786.4462890625,"10":785.9529418945,"11":782.2549438477,"12":778.9099731445,"13":773.659362793,"14":772.1264648438,"15":788.2655029297,"16":775.686340332,"17":775.2581176758,"18":782.2496337891,"19":787.4569091797},"val_profile_predictions_loss":{"1":765.6312255859,"2":725.3248291016,"3":708.0608520508,"4":694.705871582,"5":691.1567993164,"6":686.6937255859,"7":677.0078735352,"8":671.0741577148,"9":667.2040405273,"10":661.3848876953,"11":660.1714477539,"12":658.0103759766,"13":655.8060302734,"14":655.0465087891,"15":661.0961914062,"16":653.7581787109,"17":652.763671875,"18":652.8951416016,"19":652.9661254883},"val_logcount_predictions_loss":{"1":0.5623144507,"2":0.820771575,"3":0.5436173081,"4":0.5219532251,"5":0.5392353535,"6":0.5494344234,"7":0.5687270164,"8":0.4972908497,"9":0.4594791532,"10":0.4800006747,"11":0.4704265594,"12":0.4658648372,"13":0.4541274607,"14":0.4511458874,"15":0.4900242686,"16":0.4698285162,"17":0.4720095098,"18":0.4984443784,"19":0.518235743},"val_attribution_prior_loss":{"1":null,"2":null,"3":null,"4":null,"5":null,"6":null,"7":null,"8":null,"9":null,"10":null,"11":null,"12":null,"13":null,"14":null,"15":null,"16":null,"17":null,"18":null,"19":null},"start_time":{"1":"2021-08-04 23:49:13","2":"2021-08-05 00:02:06","3":"2021-08-05 00:14:46","4":"2021-08-05 00:27:26","5":"2021-08-05 00:40:06","6":"2021-08-05 00:52:47","7":"2021-08-05 01:05:27","8":"2021-08-05 01:18:07","9":"2021-08-05 01:30:47","10":"2021-08-05 01:43:26","11":"2021-08-05 01:56:04","12":"2021-08-05 02:08:42","13":"2021-08-05 02:21:19","14":"2021-08-05 02:33:55","15":"2021-08-05 02:46:32","16":"2021-08-05 02:59:08","17":"2021-08-05 03:11:43","18":"2021-08-05 03:24:20","19":"2021-08-05 03:36:57"},"end_time":{"1":"2021-08-05 00:02:06","2":"2021-08-05 00:14:46","3":"2021-08-05 00:27:26","4":"2021-08-05 00:40:06","5":"2021-08-05 00:52:47","6":"2021-08-05 01:05:27","7":"2021-08-05 01:18:07","8":"2021-08-05 01:30:47","9":"2021-08-05 01:43:25","10":"2021-08-05 01:56:04","11":"2021-08-05 02:08:42","12":"2021-08-05 02:21:19","13":"2021-08-05 02:33:55","14":"2021-08-05 02:46:32","15":"2021-08-05 02:59:08","16":"2021-08-05 03:11:43","17":"2021-08-05 03:24:20","18":"2021-08-05 03:36:57","19":"2021-08-05 03:49:34"},"elapsed":{"1":772.0424993038,"2":760.1940956116,"3":760.3367602825,"4":760.37023139,"5":760.4895529747,"6":759.944409132,"7":759.9976956844,"8":759.5783722401,"9":758.9010894299,"10":758.4482119083,"11":757.6269037724,"12":756.9526562691,"13":756.6882390976,"14":756.3849241734,"15":755.9907331467,"16":755.7042527199,"17":756.2437386513,"18":756.9415659904,"19":757.2873101234}}