{
    "loss": [
        565.3864135742188,
        497.5563659667969,
        486.54327392578125,
        480.84320068359375,
        474.9900817871094,
        470.29901123046875,
        465.7613220214844,
        462.3324890136719,
        459.8403015136719,
        457.6839294433594
    ],
    "logits_w_bias_loss": [
        483.5857849121094,
        461.1600646972656,
        453.9190368652344,
        450.520751953125,
        447.3164978027344,
        444.35888671875,
        442.3406677246094,
        440.6894836425781,
        439.6475524902344,
        438.47833251953125
    ],
    "logcounts_w_bias_loss": [
        1.9256064891815186,
        0.8567798733711243,
        0.7680012583732605,
        0.7138078212738037,
        0.6514348387718201,
        0.6106172204017639,
        0.5513051152229309,
        0.509484052658081,
        0.4753473401069641,
        0.45209866762161255
    ],
    "val_loss": [
        538.4561767578125,
        526.4866943359375,
        518.47021484375,
        526.1417846679688,
        517.012451171875,
        519.9812622070312,
        523.1854858398438,
        524.6573486328125,
        524.3157958984375,
        529.4124145507812
    ],
    "val_logits_w_bias_loss": [
        504.8030090332031,
        496.4193115234375,
        490.2572326660156,
        489.66094970703125,
        488.7835693359375,
        490.70587158203125,
        491.41900634765625,
        491.7806701660156,
        492.0929260253906,
        492.9254150390625
    ],
    "val_logcounts_w_bias_loss": [
        0.792195200920105,
        0.7077953219413757,
        0.6641210317611694,
        0.8587630391120911,
        0.6645147800445557,
        0.6891518831253052,
        0.7477890849113464,
        0.773932695388794,
        0.7585344314575195,
        0.8589028716087341
    ]
}