{
    "loss": [
        271.6425476074219,
        235.708984375,
        232.3091583251953,
        230.44464111328125,
        228.8555145263672,
        227.01544189453125,
        224.87388610839844,
        222.86444091796875,
        220.57296752929688
    ],
    "logits_w_bias_loss": [
        233.44952392578125,
        226.505615234375,
        224.12449645996094,
        222.83775329589844,
        221.74856567382812,
        220.23602294921875,
        218.50575256347656,
        216.8888702392578,
        214.88311767578125
    ],
    "logcounts_w_bias_loss": [
        2.9215214252471924,
        0.7039944529533386,
        0.6260671615600586,
        0.5819031000137329,
        0.5436365604400635,
        0.5185922384262085,
        0.48711052536964417,
        0.4570811986923218,
        0.4352259337902069
    ],
    "val_loss": [
        251.83493041992188,
        248.77825927734375,
        247.87991333007812,
        245.88963317871094,
        246.2593994140625,
        246.39659118652344,
        247.8088836669922,
        249.06532287597656,
        249.66586303710938
    ],
    "val_logits_w_bias_loss": [
        243.03871154785156,
        240.48582458496094,
        239.37451171875,
        238.92454528808594,
        239.03762817382812,
        239.6114501953125,
        240.62472534179688,
        241.80775451660156,
        243.14578247070312
    ],
    "val_logcounts_w_bias_loss": [
        0.6728464961051941,
        0.6343437433242798,
        0.6506160497665405,
        0.5327786803245544,
        0.552428662776947,
        0.5190340876579285,
        0.549544095993042,
        0.5551647543907166,
        0.49875131249427795
    ]
}